-- USERS
insert into users (
  id,
  active,
  country,
  creation_date,
  delete_date,
  username,
  email,
  image_uid,
  last_connection,
  last_name,
  name,
  password,
  sector
)
values (
  1, 
  1, 
  'ES', 
  '2021-01-31 12:25:01.000', 
  null, 
  'danaremar', 
  'danaremar@alum.us.es', 
  'cute-astronaut-1.jpg', 
  '2021-01-31 12:25:01.000', 
  'Arellano Martinez', 
  'Daniel', 
  '$2a$10$LhVd/V9pynC9r3N6fAK0O.N371jQqXQlmcg2q/pA7mXCipHWQnSvO', 
  'Ingenieria'
);

insert into users (
  id,
  active,
  country,
  creation_date,
  delete_date,
  username,
  email,
  image_uid,
  last_connection,
  last_name,
  name,
  password,
  sector
)
values (
  2, 
  1, 
  'ES', 
  '2021-01-31 12:25:01.000', 
  null, 
  'rigoberto', 
  'rigoberto@utest.es', 
  'cute-astronaut-2.jpg', 
  '2021-01-31 12:25:01.000', 
  'García López', 
  'Rigoberto', 
  '$2a$10$LhVd/V9pynC9r3N6fAK0O.N371jQqXQlmcg2q/pA7mXCipHWQnSvO', 
  'Ingenieria'
);

insert into users (
  id,
  active,
  country,
  creation_date,
  delete_date,
  username,
  email,
  image_uid,
  last_connection,
  last_name,
  name,
  password,
  sector
)
values (
  3, 
  1, 
  'ES', 
  '2021-01-31 12:25:01.000', 
  null, 
  'jysus', 
  'jysus@utest.es', 
  'cute-astronaut-3.jpg', 
  '2021-01-31 12:25:01.000', 
  'Sanchez González', 
  'Jesús', 
  '$2a$10$LhVd/V9pynC9r3N6fAK0O.N371jQqXQlmcg2q/pA7mXCipHWQnSvO', 
  'Ingenieria'
);

insert into users (
  id,
  active,
  country,
  creation_date,
  delete_date,
  username,
  email,
  image_uid,
  last_connection,
  last_name,
  name,
  password,
  sector
)
values (
  4, 
  1, 
  'ES', 
  '2021-01-31 12:25:01.000', 
  null, 
  'miguel', 
  'miguel@utest.es', 
  'cute-astronaut-4.jpg', 
  '2021-01-31 12:25:01.000', 
  'Gómez Fernández', 
  'Miguel', 
  '$2a$10$LhVd/V9pynC9r3N6fAK0O.N371jQqXQlmcg2q/pA7mXCipHWQnSvO', 
  'Ingenieria'
);

insert into users (
  id,
  active,
  country,
  creation_date,
  delete_date,
  username,
  email,
  image_uid,
  last_connection,
  last_name,
  name,
  password,
  sector
)
values (
  5, 
  1, 
  'ES', 
  '2021-01-31 12:25:01.000', 
  null, 
  'jl', 
  'jl@utest.es', 
  'cute-astronaut-5.jpg', 
  '2021-01-31 12:25:01.000', 
  'Moreno Jiménez', 
  'Jose Luis', 
  '$2a$10$LhVd/V9pynC9r3N6fAK0O.N371jQqXQlmcg2q/pA7mXCipHWQnSvO', 
  'Ingenieria'
);

insert into users (
  id,
  active,
  country,
  creation_date,
  delete_date,
  username,
  email,
  image_uid,
  last_connection,
  last_name,
  name,
  password,
  sector
)
values (
  6, 
  1, 
  'ES', 
  '2021-01-31 12:25:01.000', 
  null, 
  'rafa', 
  'rafa@utest.es', 
  'cute-astronaut-6.jpg', 
  '2021-01-31 12:25:01.000', 
  'Saez Alfaro', 
  'Rafael', 
  '$2a$10$LhVd/V9pynC9r3N6fAK0O.N371jQqXQlmcg2q/pA7mXCipHWQnSvO', 
  'Ingenieria'
);

insert into users (
  id,
  active,
  country,
  creation_date,
  delete_date,
  username,
  email,
  image_uid,
  last_connection,
  last_name,
  name,
  password,
  sector
)
values (
  7, 
  1, 
  'ES', 
  '2021-01-31 12:25:01.000', 
  null, 
  'javier', 
  'javier@utest.es', 
  'cute-astronaut-7.jpg', 
  '2021-01-31 12:25:01.000', 
  'Lozano Cano', 
  'Javier', 
  '$2a$10$LhVd/V9pynC9r3N6fAK0O.N371jQqXQlmcg2q/pA7mXCipHWQnSvO', 
  'Ingenieria'
);



-- PROJECTS
insert into projects (
  id,
  active,
  creation_date,
  close_date,
  description,
  name
)
values (
  1, 
  1, 
  '2021-01-31 12:25:01', 
  null, 
  'Incredible project', 
  'IMAN PROJECT'
);

insert into projects (
  id,
  active,
  creation_date,
  close_date,
  description,
  name
)
values (
  2, 
  1, 
  '2021-01-31 12:25:01', 
  null, 
  'Airport application to improve flights control in the ground', 
  'Acme-volar'
);

insert into projects (
  id,
  active,
  creation_date,
  close_date,
  description,
  name
)
values (
  3, 
  1, 
  '2021-01-31 12:25:01', 
  null, 
  'Travel website application', 
  'Yourney'
);

insert into projects (
  id,
  active,
  creation_date,
  close_date,
  description,
  name
)
values (
  4, 
  1, 
  '2021-01-31 12:25:01', 
  null, 
  'Website of PC fanboys', 
  'PC-MANIA'
);



-- PROJECT2ROLE
insert into project2role (
  id,
  accepted,
  "role",
  project_id,
  user_id
)
values (
  1, 
  1, 
  0, 
  1, 
  1
);

insert into project2role (
  id,
  accepted,
  "role",
  project_id,
  user_id
)
values (
  2, 
  1, 
  0, 
  2, 
  1
);

insert into project2role (
  id,
  accepted,
  "role",
  project_id,
  user_id
)
values (
  3, 
  0, 
  1, 
  1, 
  2
);

insert into project2role (
  id,
  accepted,
  "role",
  project_id,
  user_id
)
values (
  4, 
  0, 
  2, 
  1, 
  3
);

insert into project2role (
  id,
  accepted,
  "role",
  project_id,
  user_id
)
values (
  5, 
  1, 
  1, 
  1, 
  4
);

insert into project2role (
  id,
  accepted,
  "role",
  project_id,
  user_id
)
values (
  6, 
  1, 
  2, 
  1, 
  5
);

insert into project2role (
  id,
  accepted,
  "role",
  project_id,
  user_id
)
values (
  7, 
  1, 
  0, 
  3, 
  2
);

insert into project2role (
  id,
  accepted,
  "role",
  project_id,
  user_id
)
values (
  8, 
  1, 
  2, 
  3, 
  1
);

insert into project2role (
  id,
  accepted,
  "role",
  project_id,
  user_id
)
values (
  9, 
  1, 
  3, 
  3, 
  3
);

insert into project2role (
  id,
  accepted,
  "role",
  project_id,
  user_id
)
values (
  10, 
  1, 
  1, 
  3, 
  4
);

insert into project2role (
  id,
  accepted,
  "role",
  project_id,
  user_id
)
values (
  11, 
  1, 
  0, 
  4, 
  3
);

insert into project2role (
  id,
  accepted,
  "role",
  project_id,
  user_id
)
values (
  12, 
  0, 
  2, 
  4, 
  2
);

insert into project2role (
  id,
  accepted,
  "role",
  project_id,
  user_id
)
values (
  13, 
  0, 
  2, 
  4, 
  1
);



-- SPRINTS
insert into sprint (
  id,
  active,
  close_date,
  creation_date,
  description,
  estimated_date,
  "number",
  start_date,
  title,
  project_id
)
values (
  1, 
  1, 
  '2021-07-21 12:35:00.335000000', 
  '2021-07-01 12:35:00.335000000', 
  'Create architecture & framework', 
  null, 
  1, 
  '2021-07-01 12:35:00.335000000', 
  'Start project', 
  1
);

insert into sprint (
  id,
  active,
  close_date,
  creation_date,
  description,
  estimated_date,
  "number",
  start_date,
  title,
  project_id
)
values (
  2, 
  1, 
  null, 
  '2021-07-05 12:35:00.335000000', 
  'Analize client''s product', 
  null, 
  2, 
  '2021-07-01 12:35:00.335000000', 
  'Analysis', 
  1
);

insert into sprint (
  id,
  active,
  close_date,
  creation_date,
  description,
  estimated_date,
  "number",
  start_date,
  title,
  project_id
)
values (
  3, 
  0, 
  null, 
  '2021-07-10 12:35:00.335000000', 
  'I just want to test some functions', 
  null, 
  3, 
  '2021-07-01 12:35:00.335000000', 
  'Example project', 
  1
);

insert into sprint (
  id,
  active,
  close_date,
  creation_date,
  description,
  estimated_date,
  "number",
  start_date,
  title,
  project_id
)
values (
  4, 
  1, 
  null, 
  '2021-07-15 12:35:00.335000000', 
  'Create an API Rest based on Spring Boot', 
  null, 
  4, 
  '2021-07-01 12:35:00.335000000', 
  'API', 
  1
);

insert into sprint (
  id,
  active,
  close_date,
  creation_date,
  description,
  estimated_date,
  "number",
  start_date,
  title,
  project_id
)
values (
  6, 
  1, 
  null, 
  '2021-07-20 12:35:00.335000000', 
  'Improve DB Queries', 
  null, 
  5, 
  '2021-11-01 12:35:00.335000000', 
  'DB Queries', 
  1
);



-- KANBAN COLUMNS
insert into kanban_column (
  id,
  active,
  column_order,
  title,
  sprint_id
)
values (
  1, 
  1, 
  0, 
  'To do', 
  4
);

insert into kanban_column (
  id,
  active,
  column_order,
  title,
  sprint_id
)
values (
  2, 
  1, 
  1, 
  'In progress', 
  4
);

insert into kanban_column (
  id,
  active,
  column_order,
  title,
  sprint_id
)
values (
  3, 
  1, 
  2, 
  'Done', 
  4
);



-- KANBAN TASKS
insert into kanban_task (
  id,
  active,
  creation_date,
  description,
  due_end_date,
  due_start_date,
  estimated_time,
  importance,
  "number",
  order_in_column,
  tags,
  title,
  creator_id,
  kanban_column_id
)
values (
  1, 
  1, 
  '2021-08-07 11:03:42.561', 
  'This is an example task C', 
  '2022-03-24 23:00:00.000', 
  '2022-03-11 23:00:00.000', 
  12.0, 
  null, 
  1, 
  0, 
  'develop,important', 
  'Task C', 
  1, 
  3
);

insert into kanban_task (
  id,
  active,
  creation_date,
  description,
  due_end_date,
  due_start_date,
  estimated_time,
  importance,
  "number",
  order_in_column,
  tags,
  title,
  creator_id,
  kanban_column_id
)
values (
  2, 
  0, 
  '2021-08-07 11:03:56.523', 
  'This is an example task B', 
  null, 
  null, 
  4.0, 
  null, 
  2, 
  1, 
  null, 
  'Task B', 
  1, 
  1
);

insert into kanban_task (
  id,
  active,
  creation_date,
  description,
  due_end_date,
  due_start_date,
  estimated_time,
  importance,
  "number",
  order_in_column,
  tags,
  title,
  creator_id,
  kanban_column_id
)
values (
  3, 
  1, 
  '2021-08-07 11:04:04.432', 
  'This is an example task A', 
  '2022-03-13 23:00:00.000', 
  '2022-03-11 23:00:00.000', 
  3.0, 
  null, 
  2, 
  0, 
  null, 
  'Task A', 
  2, 
  2
);

insert into kanban_task (
  id,
  active,
  creation_date,
  description,
  due_end_date,
  due_start_date,
  estimated_time,
  importance,
  "number",
  order_in_column,
  tags,
  title,
  creator_id,
  kanban_column_id
)
values (
  4, 
  1, 
  '2021-08-07 11:05:26.597', 
  'This is an example task E', 
  '2022-03-13 23:00:00.000', 
  '2022-03-09 23:00:00.000', 
  2.0, 
  null, 
  3, 
  0, 
  null, 
  'Task E', 
  1, 
  1
);

insert into kanban_task (
  id,
  active,
  creation_date,
  description,
  due_end_date,
  due_start_date,
  estimated_time,
  importance,
  "number",
  order_in_column,
  tags,
  title,
  creator_id,
  kanban_column_id
)
values (
  5, 
  1, 
  '2021-08-07 11:05:32.290', 
  'This is an example task D', 
  '2022-03-12 23:00:00.000', 
  '2022-03-07 23:00:00.000', 
  2.0, 
  null, 
  4, 
  1, 
  null, 
  'Task D', 
  1, 
  2
);

insert into kanban_task (
  id,
  active,
  creation_date,
  description,
  due_end_date,
  due_start_date,
  estimated_time,
  importance,
  "number",
  order_in_column,
  tags,
  title,
  creator_id,
  kanban_column_id
)
values (
  6, 
  1, 
  '2021-08-07 11:06:55.721', 
  'This is an example task F', 
  '2022-03-07 23:00:00.000', 
  '2022-03-03 23:00:00.000', 
  1.0, 
  null, 
  5, 
  1, 
  null, 
  'Task F', 
  1, 
  1
);



-- KANBAN TASK CHILDREN (hierarchy)
insert into kanban_task_children (kanban_task_id, children_id)
values (
  5, 
  4
);

insert into kanban_task_children (kanban_task_id, children_id)
values (
  6, 
  5
);

insert into kanban_task_children (kanban_task_id, children_id)
values (
  4, 
  1
);

insert into kanban_task_children (kanban_task_id, children_id)
values (
  4, 
  3
);



-- KANBAN TASK ASSIGNATION
insert into kanban_task_assignation (kanban_task_id, assigned_users_id)
values (
  1, 
  1
);

insert into kanban_task_assignation (kanban_task_id, assigned_users_id)
values (
  1, 
  2
);

insert into kanban_task_assignation (kanban_task_id, assigned_users_id)
values (
  1, 
  3
);

insert into kanban_task_assignation (kanban_task_id, assigned_users_id)
values (
  2, 
  1
);



-- EFFORT
insert into effort (
  id,
  description,
  end_date,
  start_date,
  kanban_task_id,
  user_id
)
values (
  1, 
  null, 
  '2021-08-15 10:23:13.557000000', 
  '2021-08-15 08:52:01.793000000', 
  3, 
  1
);

insert into effort (
  id,
  description,
  end_date,
  start_date,
  kanban_task_id,
  user_id
)
values (
  2, 
  null, 
  '2021-08-15 10:23:13.557000000', 
  '2021-08-15 08:52:01.793000000', 
  3, 
  1
);

insert into effort (
  id,
  description,
  end_date,
  start_date,
  kanban_task_id,
  user_id
)
values (
  3, 
  null, 
  '2021-08-15 10:23:13.557000000', 
  '2021-08-15 08:52:01.793000000', 
  3, 
  1
);

insert into effort (
  id,
  description,
  end_date,
  start_date,
  kanban_task_id,
  user_id
)
values (
  4, 
  null, 
  '2021-08-15 10:23:13.557000000', 
  '2021-08-15 08:52:01.793000000', 
  1, 
  1
);

insert into effort (
  id,
  description,
  end_date,
  start_date,
  kanban_task_id,
  user_id
)
values (
  5, 
  null, 
  '2021-08-15 10:23:13.557000000', 
  '2021-08-15 08:52:01.793000000', 
  1, 
  1
);

insert into effort (
  id,
  description,
  end_date,
  start_date,
  kanban_task_id,
  user_id
)
values (
  6, 
  null, 
  '2021-08-15 10:23:13.557000000', 
  '2021-08-15 08:52:01.793000000', 
  5, 
  1
);

insert into effort (
  id,
  description,
  end_date,
  start_date,
  kanban_task_id,
  user_id
)
values (
  7, 
  'Effort without assigned task', 
  '2021-08-15 10:23:13.557000000', 
  '2021-08-15 08:52:01.793000000', 
  null, 
  1
);



-- INCIDENT
insert into incident (
  id,
  affects,
  "date",
  description,
  estimated_time,
  priority,
  status,
  active,
  code,
  last_modification,
  reported,
  title,
  assigned_user_id,
  user_id,
  project_id
)
values (
  1, 
  'Scope & €', 
  '2022-02-06 17:44:19.336', 
  'Profile image cannot updated correctly when it''s updated.', 
  12.0, 
  1, 
  'Done', 
  1, 
  1, 
  '2022-02-06 20:13:54.625', 
  'Excellent client', 
  'Profile image problems', 
  3, 
  2, 
  1
);

insert into incident (
  id,
  affects,
  "date",
  description,
  estimated_time,
  priority,
  status,
  active,
  code,
  last_modification,
  reported,
  title,
  assigned_user_id,
  user_id,
  project_id
)
values (
  2, 
  'Scope', 
  '2022-02-06 17:44:19.336', 
  'Desc 2, Lorem ipsum dolor sit amet, consectetur adipiscing elit. Donec efficitur facilisis eros varius rhoncus. Aliquam eget ipsum egestas, varius magna eu, vehicula quam.', 
  9.0, 
  1, 
  'Done', 
  1, 
  2, 
  '2022-02-08 20:13:54.625', 
  'University', 
  'Problem changing project id', 
  4, 
  1, 
  1
);

insert into incident (
  id,
  affects,
  "date",
  description,
  estimated_time,
  priority,
  status,
  active,
  code,
  last_modification,
  reported,
  title,
  assigned_user_id,
  user_id,
  project_id
)
values (
  3, 
  '€', 
  '2022-02-06 17:44:19.336', 
  'Desc 3, Lorem ipsum dolor sit amet, consectetur adipiscing elit. Donec efficitur facilisis eros varius rhoncus. Aliquam eget ipsum egestas, varius magna eu, vehicula quam.', 
  3.0, 
  1, 
  'To do', 
  1, 
  3, 
  '2022-02-10 13:13:54.625', 
  'Big company', 
  'XSS security vulnerability', 
  5, 
  3, 
  1
);

insert into incident (
  id,
  affects,
  "date",
  description,
  estimated_time,
  priority,
  status,
  active,
  code,
  last_modification,
  reported,
  title,
  assigned_user_id,
  user_id,
  project_id
)
values (
  4, 
  '€', 
  '2022-02-06 17:44:19.336', 
  'Profile image cannot updated correctly when it''s updated.', 
  5.0, 
  1, 
  'To do', 
  1, 
  4, 
  '2022-02-08 20:13:54.625', 
  'Excellent client', 
  'JWT security vulnerability', 
  3, 
  4, 
  1
);

insert into incident (
  id,
  affects,
  "date",
  description,
  estimated_time,
  priority,
  status,
  active,
  code,
  last_modification,
  reported,
  title,
  assigned_user_id,
  user_id,
  project_id
)
values (
  5, 
  'Scope', 
  '2022-02-06 17:44:19.336', 
  'Desc 4, Lorem ipsum dolor sit amet, consectetur adipiscing elit. Donec efficitur facilisis eros varius rhoncus. Aliquam eget ipsum egestas, varius magna eu, vehicula quam.', 
  2.0, 
  1, 
  'To do', 
  1, 
  5, 
  '2022-02-10 13:13:54.625', 
  'University', 
  'Project cannot be edited', 
  4, 
  3, 
  1
);

insert into incident (
  id,
  affects,
  "date",
  description,
  estimated_time,
  priority,
  status,
  active,
  code,
  last_modification,
  reported,
  title,
  assigned_user_id,
  user_id,
  project_id
)
values (
  6, 
  '€', 
  '2022-02-06 17:44:19.336', 
  'Desc 6, Lorem ipsum dolor sit amet, consectetur adipiscing elit. Donec efficitur facilisis eros varius rhoncus. Aliquam eget ipsum egestas, varius magna eu, vehicula quam.', 
  4.0, 
  1, 
  'Done', 
  1, 
  6, 
  '2022-02-06 20:13:54.625', 
  'Big company', 
  'Profile image problems', 
  4, 
  2, 
  1
);

insert into incident (
  id,
  affects,
  "date",
  description,
  estimated_time,
  priority,
  status,
  active,
  code,
  last_modification,
  reported,
  title,
  assigned_user_id,
  user_id,
  project_id
)
values (
  7, 
  'Scope', 
  '2022-02-06 17:44:19.336', 
  'Profile image cannot updated correctly when it''s updated.', 
  4.0, 
  1, 
  'To do', 
  1, 
  7, 
  '2022-02-08 20:13:54.625', 
  'Excellent client', 
  'Profile image problems', 
  3, 
  1, 
  1
);

insert into incident (
  id,
  affects,
  "date",
  description,
  estimated_time,
  priority,
  status,
  active,
  code,
  last_modification,
  reported,
  title,
  assigned_user_id,
  user_id,
  project_id
)
values (
  8, 
  'Scope', 
  '2022-02-06 17:44:19.336', 
  'Profile image cannot updated correctly when it''s updated.', 
  0.0, 
  1, 
  'To do', 
  1, 
  8, 
  '2022-02-10 13:13:54.625', 
  'University', 
  'Profile image problems', 
  4, 
  5, 
  1
);

insert into incident (
  id,
  affects,
  "date",
  description,
  estimated_time,
  priority,
  status,
  active,
  code,
  last_modification,
  reported,
  title,
  assigned_user_id,
  user_id,
  project_id
)
values (
  9, 
  '€', 
  '2022-02-06 17:44:19.336', 
  'Profile image cannot updated correctly when it''s updated.', 
  30.0, 
  1, 
  'Done', 
  1, 
  9, 
  '2022-02-10 13:13:54.625', 
  'Excellent client', 
  'Profile image problems', 
  3, 
  6, 
  1
);

insert into incident (
  id,
  affects,
  "date",
  description,
  estimated_time,
  priority,
  status,
  active,
  code,
  last_modification,
  reported,
  title,
  assigned_user_id,
  user_id,
  project_id
)
values (
  10, 
  'Scope', 
  '2022-02-06 17:44:19.336', 
  'Profile image cannot updated correctly when it''s updated.', 
  1.0, 
  1, 
  'Done', 
  1, 
  10, 
  '2022-02-08 20:13:54.625', 
  'Big company', 
  'Profile image problems', 
  5, 
  1, 
  1
);

insert into incident (
  id,
  affects,
  "date",
  description,
  estimated_time,
  priority,
  status,
  active,
  code,
  last_modification,
  reported,
  title,
  assigned_user_id,
  user_id,
  project_id
)
values (
  11, 
  '€', 
  '2022-02-06 17:44:19.336', 
  'Profile image cannot updated correctly when it''s updated.', 
  21.0, 
  1, 
  'Done', 
  1, 
  11, 
  '2022-02-06 20:13:54.625', 
  'University', 
  'Profile image problems', 
  4, 
  1, 
  1
);

insert into incident (
  id,
  affects,
  "date",
  description,
  estimated_time,
  priority,
  status,
  active,
  code,
  last_modification,
  reported,
  title,
  assigned_user_id,
  user_id,
  project_id
)
values (
  12, 
  '€', 
  '2022-02-06 17:44:19.336', 
  'Profile image cannot updated correctly when it''s updated.', 
  3.0, 
  1, 
  'To do', 
  1, 
  12, 
  '2022-02-06 20:13:54.625', 
  'Big company', 
  'Profile image problems', 
  4, 
  1, 
  1
);

insert into incident (
  id,
  affects,
  "date",
  description,
  estimated_time,
  priority,
  status,
  active,
  code,
  last_modification,
  reported,
  title,
  assigned_user_id,
  user_id,
  project_id
)
values (
  13, 
  '€', 
  '2022-02-06 17:44:19.336', 
  'Profile image cannot updated correctly when it''s updated.', 
  6.0, 
  1, 
  'Done', 
  1, 
  13, 
  '2022-02-06 20:13:54.625', 
  'Big company', 
  'Profile image problems', 
  3, 
  1, 
  1
);

insert into incident (
  id,
  affects,
  "date",
  description,
  estimated_time,
  priority,
  status,
  active,
  code,
  last_modification,
  reported,
  title,
  assigned_user_id,
  user_id,
  project_id
)
values (
  14, 
  'Scope & €', 
  '2022-02-06 17:44:19.336', 
  'Profile image cannot updated correctly when it''s updated.', 
  7.0, 
  1, 
  'Done', 
  1, 
  14, 
  '2022-02-06 20:13:54.625', 
  'Excellent client', 
  'Profile image problems', 
  5, 
  1, 
  1
);



-- INCIDENT UPDATE
insert into incident_update (
  id,
  affects,
  "date",
  description,
  estimated_time,
  priority,
  status,
  assigned_user_id,
  user_id,
  incident_id
)
values (
  1, 
  'Scope & €', 
  '2022-02-06 19:49:50.562', 
  'Image is not updated so well', 
  12.0, 
  1, 
  'To do', 
  1, 
  1, 
  1
);

insert into incident_update (
  id,
  affects,
  "date",
  description,
  estimated_time,
  priority,
  status,
  assigned_user_id,
  user_id,
  incident_id
)
values (
  2, 
  null, 
  '2022-02-06 19:55:22.900', 
  'Jysus is going to solve this', 
  null, 
  null, 
  'In progress', 
  3, 
  1, 
  1
);